{
  "aggregate": {
    "timestamp": "2021-03-25T04:20:53.059Z",
    "scenariosCreated": 3,
    "scenariosCompleted": 3,
    "requestsCompleted": 24,
    "latency": {
      "min": 175.8,
      "max": 720.1,
      "median": 356.2,
      "p95": 715,
      "p99": 720.1
    },
    "rps": {
      "count": 24,
      "mean": 4.32
    },
    "scenarioDuration": {
      "min": 3109.6,
      "max": 3510.2,
      "median": 3172.7,
      "p95": 3510.2,
      "p99": 3510.2
    },
    "scenarioCounts": {
      "0": 3
    },
    "errors": {},
    "codes": {
      "200": 12,
      "204": 12
    },
    "matches": 0,
    "customStats": {},
    "counters": {},
    "scenariosAvoided": 0,
    "phases": [
      {
        "duration": 3,
        "arrivalRate": 1,
        "name": "Phase 1"
      }
    ]
  },
  "intermediate": [
    {
      "timestamp": "2021-03-25T04:20:53.050Z",
      "scenariosCreated": 3,
      "scenariosCompleted": 3,
      "requestsCompleted": 24,
      "latency": {
        "min": 175.8,
        "max": 720.1,
        "median": 356.2,
        "p95": 715,
        "p99": 720.1
      },
      "rps": {
        "count": 24,
        "mean": 4.33
      },
      "scenarioDuration": {
        "min": 3109.6,
        "max": 3510.2,
        "median": 3172.7,
        "p95": 3510.2,
        "p99": 3510.2
      },
      "scenarioCounts": {
        "0": 3
      },
      "errors": {},
      "codes": {
        "200": 12,
        "204": 12
      },
      "matches": 0,
      "latencies": [
        576512600,
        176698000,
        315124500,
        183876800,
        433372500,
        288834000,
        190377400,
        350638700,
        179017100,
        705728300,
        377714600,
        582643900,
        175786500,
        458820300,
        720060600,
        635692300,
        712791700,
        178848300,
        546988400,
        446572900,
        344454500,
        356448100,
        355979800,
        349233600
      ],
      "customStats": {},
      "counters": {},
      "concurrency": 0,
      "pendingRequests": 0,
      "scenariosAvoided": 0
    }
  ]
}